Date,Open,High,Low,Close,Adj Close,Volume
2018/8/3,3.59,3.62,3.57,3.61,2.470997,184816985
2018/8/6,3.62,3.66,3.6,3.61,2.470997,189696153
2018/8/7,3.63,3.66,3.61,3.65,2.498377,216157642
2018/8/8,3.65,3.66,3.61,3.63,2.484688,215365540
2018/8/9,3.59,3.66,3.59,3.65,2.498377,230275455
2018/8/10,3.65,3.66,3.6,3.62,2.477842,219157328
2018/8/13,3.58,3.59,3.54,3.56,2.436773,270620120
2018/8/14,3.58,3.58,3.53,3.56,2.436773,243870383
2018/8/15,3.54,3.56,3.51,3.53,2.416239,282427652
2018/8/16,3.5,3.57,3.49,3.52,2.409394,275769630
2018/8/17,3.54,3.56,3.52,3.54,2.423083,188357023
2018/8/20,3.55,3.57,3.51,3.56,2.436773,226473564
2018/8/21,3.57,3.58,3.55,3.56,2.436773,238534835
2018/8/22,3.55,3.58,3.53,3.58,2.450463,269029064
2018/8/23,3.57,3.59,3.54,3.55,2.429928,247570379
2018/8/24,3.53,3.55,3.52,3.54,2.423083,279465912
2018/8/27,3.55,3.61,3.54,3.6,2.464153,462469493
2018/8/28,3.61,3.65,3.6,3.63,2.484688,248882773
2018/8/29,3.6,3.61,3.57,3.61,2.470997,237332367
2018/8/30,3.62,3.63,3.55,3.57,2.443618,185660963
2018/8/31,3.55,3.55,3.52,3.53,2.416239,359900115
2018/9/3,3.52,3.54,3.49,3.52,2.409394,305346975
2018/9/4,3.52,3.54,3.51,3.53,2.416239,208551797
2018/9/5,3.52,3.54,3.47,3.47,2.37517,363913474
2018/9/6,3.46,3.48,3.41,3.44,2.354635,397574154
2018/9/7,3.44,3.46,3.4,3.43,2.34779,567329432
2018/9/10,3.42,3.42,3.36,3.39,2.32041,320927280
2018/9/11,3.36,3.4,3.36,3.36,2.299876,231749076
2018/9/12,3.35,3.36,3.31,3.32,2.272496,377546352
2018/9/13,3.37,3.41,3.37,3.4,2.327255,270315440
2018/9/14,3.42,3.44,3.39,3.41,2.3341,142324690
2018/9/17,3.4,3.42,3.36,3.39,2.32041,181671619
2018/9/18,3.37,3.41,3.36,3.4,2.327255,287170628
2018/9/19,3.42,3.44,3.4,3.42,2.340945,230539211
2018/9/20,3.45,3.47,3.42,3.43,2.34779,175746914
2018/9/21,3.47,3.54,3.46,3.52,2.409394,393921372
2018/9/24,3.46,3.5,3.44,3.46,2.368325,239296460
2018/9/26,3.47,3.54,3.45,3.49,2.388859,367428100
2018/9/27,3.49,3.51,3.46,3.49,2.388859,228112298
2018/9/28,3.49,3.52,3.47,3.48,2.382014,232063346
2018/10/2,3.45,3.47,3.38,3.4,2.327255,286950375
2018/10/3,3.38,3.42,3.38,3.39,2.32041,137098156
2018/10/4,3.38,3.38,3.33,3.33,2.279341,286550800
2018/10/5,3.32,3.34,3.31,3.33,2.279341,292804313
2018/10/8,3.35,3.37,3.31,3.31,2.265651,305245178
2018/10/9,3.3,3.35,3.3,3.33,2.279341,173730676
2018/10/10,3.36,3.38,3.33,3.34,2.286186,215849513
2018/10/11,3.24,3.28,3.22,3.27,2.238272,595855447
2018/10/12,3.3,3.33,3.26,3.31,2.265651,290519307
2018/10/15,3.29,3.29,3.24,3.25,2.224582,266829437
2018/10/16,3.26,3.28,3.23,3.25,2.224582,272678220
2018/10/18,3.27,3.27,3.22,3.23,2.210892,241354726
2018/10/19,3.22,3.31,3.2,3.28,2.245117,324848738
2018/10/22,3.28,3.37,3.28,3.34,2.286186,309029852
2018/10/23,3.33,3.33,3.23,3.27,2.238272,421680917
2018/10/24,3.28,3.32,3.25,3.27,2.238272,286740826
2018/10/25,3.22,3.27,3.22,3.27,2.238272,228688814
2018/10/26,3.25,3.28,3.23,3.26,2.231427,195858287
2018/10/29,3.28,3.29,3.25,3.27,2.238272,348004378
2018/10/30,3.27,3.35,3.24,3.3,2.258806,372317706
2018/10/31,3.32,3.35,3.31,3.34,2.286186,239423074
2018/11/1,3.36,3.38,3.34,3.37,2.306721,281115874
2018/11/2,3.41,3.48,3.41,3.46,2.368325,475529621
2018/11/5,3.41,3.44,3.38,3.41,2.3341,257358916
2018/11/6,3.41,3.42,3.38,3.42,2.340945,259112462
2018/11/7,3.42,3.46,3.39,3.43,2.34779,221521462
2018/11/8,3.45,3.46,3.43,3.44,2.354635,308261314
2018/11/9,3.41,3.42,3.31,3.35,2.293031,370074494
2018/11/12,3.34,3.38,3.33,3.34,2.286186,216356340
2018/11/13,3.3,3.34,3.28,3.34,2.286186,319395171
2018/11/14,3.34,3.35,3.31,3.33,2.279341,214633997
2018/11/15,3.34,3.37,3.31,3.36,2.299876,235347034
2018/11/16,3.35,3.38,3.33,3.37,2.306721,258333729
2018/11/19,3.36,3.4,3.36,3.39,2.32041,187983899
2018/11/20,3.35,3.37,3.34,3.36,2.299876,156855973
2018/11/21,3.32,3.38,3.32,3.38,2.313565,182490613
2018/11/22,3.39,3.39,3.35,3.38,2.313565,116413589
2018/11/23,3.36,3.38,3.35,3.37,2.306721,127496429
2018/11/26,3.38,3.43,3.37,3.42,2.340945,234568439
2018/11/27,3.44,3.44,3.4,3.43,2.34779,230880346
2018/11/28,3.42,3.46,3.42,3.46,2.368325,214060135
2018/11/29,3.48,3.5,3.42,3.43,2.34779,220853636
2018/11/30,3.44,3.46,3.42,3.42,2.340945,468876379
2018/12/3,3.48,3.51,3.48,3.5,2.395704,407893275
2018/12/4,3.48,3.5,3.45,3.49,2.388859,342281769
2018/12/5,3.43,3.46,3.42,3.44,2.354635,175105924
2018/12/6,3.41,3.41,3.35,3.37,2.306721,289183387
2018/12/7,3.37,3.38,3.31,3.31,2.265651,573690289
2018/12/10,3.28,3.3,3.26,3.27,2.238272,291344216
2018/12/11,3.26,3.29,3.26,3.27,2.238272,186310016
2018/12/12,3.31,3.32,3.29,3.31,2.265651,228642514
2018/12/13,3.34,3.36,3.32,3.35,2.293031,297211626
2018/12/14,3.33,3.33,3.3,3.31,2.265651,186624634
2018/12/17,3.33,3.34,3.31,3.32,2.272496,160201991
2018/12/18,3.3,3.34,3.28,3.29,2.251962,218079021
2018/12/19,3.3,3.33,3.29,3.31,2.265651,184010987
2018/12/20,3.28,3.32,3.27,3.31,2.265651,302737952
2018/12/21,3.31,3.32,3.28,3.32,2.272496,292446591
2018/12/24,3.29,3.38,3.28,3.33,2.279341,321548129
2018/12/27,3.38,3.38,3.33,3.33,2.279341,199085769
2018/12/28,3.36,3.36,3.32,3.34,2.286186,170609663
2018/12/31,3.37,3.38,3.35,3.38,2.313565,134772267
2019/1/2,3.38,3.39,3.3,3.32,2.272496,201718634
2019/1/3,3.31,3.34,3.3,3.33,2.279341,176881167
2019/1/4,3.3,3.38,3.3,3.37,2.306721,279999561
2019/1/7,3.39,3.42,3.36,3.38,2.313565,203886068
2019/1/8,3.37,3.39,3.35,3.38,2.313565,214300659
2019/1/9,3.42,3.45,3.4,3.42,2.340945,421770446
2019/1/10,3.4,3.43,3.38,3.42,2.340945,258666449
2019/1/11,3.41,3.43,3.39,3.42,2.340945,314426971
2019/1/14,3.41,3.41,3.36,3.38,2.313565,279391823
2019/1/15,3.4,3.45,3.39,3.43,2.34779,422295840
2019/1/16,3.43,3.44,3.39,3.44,2.354635,285432596
2019/1/17,3.43,3.46,3.42,3.45,2.36148,296672736
2019/1/18,3.47,3.48,3.45,3.47,2.37517,228277811
2019/1/21,3.46,3.52,3.46,3.51,2.402549,298841404
2019/1/22,3.52,3.53,3.46,3.48,2.382014,260334532
2019/1/23,3.46,3.5,3.46,3.48,2.382014,156238720
2019/1/24,3.49,3.5,3.47,3.5,2.395704,160229927
2019/1/25,3.52,3.59,3.51,3.59,2.457308,529193136
2019/1/28,3.6,3.62,3.58,3.6,2.464153,293351978
2019/1/29,3.61,3.61,3.55,3.6,2.464153,226578771
2019/1/30,3.6,3.61,3.56,3.6,2.464153,246749087
2019/1/31,3.62,3.68,3.6,3.62,2.477842,372654237
2019/2/1,3.65,3.65,3.59,3.61,2.470997,352670226
2019/2/4,3.6,3.62,3.59,3.61,2.470997,155707378
2019/2/8,3.58,3.61,3.55,3.59,2.457308,258703971
2019/2/11,3.57,3.6,3.56,3.59,2.457308,152573513
2019/2/12,3.58,3.6,3.57,3.59,2.457308,194477882
2019/2/13,3.6,3.62,3.59,3.61,2.470997,270499697
2019/2/14,3.6,3.62,3.59,3.61,2.470997,199405374
2019/2/15,3.6,3.6,3.52,3.52,2.409394,336652873
2019/2/18,3.57,3.59,3.56,3.58,2.450463,177046687
2019/2/19,3.57,3.6,3.56,3.57,2.443618,207258513
2019/2/20,3.59,3.61,3.58,3.6,2.464153,233280141
2019/2/21,3.6,3.62,3.58,3.6,2.464153,234147758
2019/2/22,3.6,3.61,3.57,3.61,2.470997,298464550
2019/2/25,3.62,3.75,3.62,3.74,2.559981,754574642
2019/2/26,3.76,3.78,3.69,3.72,2.546291,576292348
2019/2/27,3.74,3.76,3.66,3.66,2.505222,508870517
2019/2/28,3.67,3.7,3.63,3.66,2.505222,407215565
2019/3/1,3.67,3.7,3.65,3.67,2.512067,304130266
2019/3/4,3.67,3.75,3.67,3.72,2.546291,471193997
2019/3/5,3.71,3.73,3.68,3.73,2.553136,295393449
2019/3/6,3.72,3.75,3.71,3.73,2.553136,316735753
2019/3/7,3.75,3.75,3.7,3.71,2.539446,262386582
2019/3/8,3.66,3.68,3.6,3.61,2.470997,633067293
2019/3/11,3.63,3.65,3.61,3.64,2.491532,197573557
2019/3/12,3.65,3.71,3.65,3.7,2.532601,280255211
2019/3/13,3.69,3.7,3.64,3.66,2.505222,210568050
2019/3/14,3.66,3.67,3.63,3.66,2.505222,160117221
2019/3/15,3.65,3.7,3.65,3.68,2.518911,246744190
2019/3/18,3.69,3.71,3.67,3.71,2.539446,196408273
2019/3/19,3.7,3.73,3.69,3.72,2.546291,178044846
2019/3/20,3.7,3.71,3.68,3.68,2.518911,164082198
2019/3/21,3.69,3.7,3.65,3.66,2.505222,246574786
2019/3/22,3.68,3.69,3.63,3.66,2.505222,195095191
2019/3/25,3.62,3.62,3.58,3.59,2.457308,435051702
2019/3/26,3.61,3.62,3.56,3.58,2.450463,223891896
2019/3/27,3.58,3.6,3.56,3.58,2.450463,286442799
2019/3/28,3.58,3.59,3.56,3.59,2.457308,226484123
2019/3/29,3.59,3.62,3.56,3.56,2.436773,407850272
2019/4/1,3.62,3.7,3.62,3.69,2.525757,349490020
2019/4/2,3.69,3.72,3.68,3.71,2.539446,368569357
2019/4/3,3.72,3.75,3.71,3.75,2.566826,380241032
2019/4/4,3.74,3.75,3.72,3.75,2.566826,283936920
2019/4/8,3.77,3.78,3.75,3.77,2.580515,331321841
2019/4/9,3.76,3.79,3.75,3.78,2.58736,377191073
2019/4/10,3.76,3.78,3.75,3.75,2.566826,198341954
2019/4/11,3.76,3.76,3.7,3.72,2.546291,313551546
2019/4/12,3.71,3.72,3.68,3.72,2.546291,224748533
2019/4/15,3.74,3.8,3.71,3.71,2.539446,402116920
2019/4/16,3.7,3.83,3.7,3.81,2.607895,581162870
2019/4/17,3.82,3.84,3.8,3.82,2.61474,310040061
2019/4/18,3.82,3.82,3.78,3.81,2.607895,241431835
2019/4/23,3.78,3.79,3.75,3.77,2.580515,360369586
2019/4/24,3.8,3.8,3.72,3.74,2.559981,312362445
2019/4/25,3.71,3.74,3.71,3.72,2.546291,254968179
2019/4/26,3.72,3.74,3.71,3.73,2.553136,239896691
2019/4/29,3.74,3.77,3.72,3.77,2.580515,177726265
2019/4/30,3.75,3.77,3.73,3.77,2.580515,218667163
2019/5/2,3.72,3.76,3.72,3.75,2.566826,130441906
2019/5/3,3.73,3.76,3.71,3.76,2.57367,181649076
2019/5/6,3.7,3.71,3.63,3.69,2.525757,614236968
2019/5/7,3.69,3.7,3.65,3.65,2.498377,470083027
2019/5/8,3.61,3.63,3.59,3.6,2.464153,474002583
2019/5/9,3.58,3.59,3.49,3.51,2.402549,637022619
2019/5/10,3.53,3.57,3.49,3.51,2.402549,507821369
2019/5/14,3.44,3.48,3.43,3.47,2.37517,428546275
2019/5/15,3.47,3.52,3.47,3.49,2.388859,372703823
2019/5/16,3.49,3.52,3.47,3.5,2.395704,332822321
2019/5/17,3.53,3.53,3.48,3.49,2.388859,346237232
2019/5/20,3.5,3.53,3.49,3.51,2.402549,473521873
2019/5/21,3.5,3.6,3.5,3.56,2.436773,644630364
2019/5/22,3.56,3.6,3.56,3.58,2.450463,538833877
2019/5/23,3.37,3.37,3.3,3.32,2.414698,523326086
2019/5/24,3.3,3.32,3.27,3.29,2.392878,479767626
2019/5/27,3.27,3.29,3.25,3.26,2.371058,252459548
2019/5/28,3.26,3.29,3.25,3.25,2.363785,494460867
2019/5/29,3.24,3.24,3.21,3.21,2.334693,495336391
2019/5/30,3.22,3.27,3.22,3.25,2.363785,334198512
2019/5/31,3.25,3.27,3.23,3.25,2.363785,266323489
2019/6/3,3.23,3.25,3.22,3.23,2.349239,283735397
2019/6/4,3.24,3.25,3.2,3.21,2.334693,309081779
2019/6/5,3.24,3.26,3.2,3.2,2.32742,351820944
2019/6/6,3.21,3.22,3.19,3.2,2.32742,366011446
2019/6/10,3.2,3.26,3.2,3.24,2.356512,318887840
2019/6/11,3.25,3.29,3.24,3.26,2.371058,257662063
2019/6/12,3.25,3.26,3.21,3.22,2.341966,352129579
2019/6/13,3.21,3.23,3.19,3.22,2.341966,290734721
2019/6/14,3.21,3.23,3.19,3.2,2.32742,291164634
2019/6/17,3.21,3.23,3.2,3.2,2.32742,245725653
2019/6/18,3.21,3.23,3.19,3.22,2.341966,241958458
2019/6/19,3.25,3.28,3.24,3.25,2.363785,349235043
2019/6/20,3.25,3.29,3.25,3.28,2.385605,253878067
2019/6/21,3.28,3.3,3.27,3.27,2.378332,340737733
2019/6/24,3.28,3.29,3.26,3.27,2.378332,204946830
2019/6/25,3.28,3.28,3.21,3.23,2.349239,412272864
2019/6/26,3.21,3.26,3.21,3.25,2.363785,192326185
2019/6/27,3.27,3.31,3.25,3.29,2.392878,353211613
2019/6/28,3.3,3.31,3.28,3.3,2.400151,249879971
2019/7/2,3.31,3.34,3.3,3.31,2.407424,393480721
2019/7/3,3.31,3.32,3.28,3.3,2.400151,153801401
2019/7/4,3.32,3.32,3.29,3.3,2.400151,87060946
2019/7/5,3.29,3.3,3.27,3.28,2.385605,72003023
2019/7/8,3.26,3.27,3.23,3.25,2.363785,152776735
2019/7/9,3.26,3.26,3.23,3.23,2.349239,167276623
2019/7/10,3.25,3.26,3.23,3.24,2.356512,108853463
2019/7/11,3.25,3.28,3.24,3.25,2.363785,137843739
2019/7/12,3.25,3.29,3.25,3.26,2.371058,223029476
2019/7/15,3.24,3.28,3.23,3.26,2.371058,184499413
2019/7/16,3.27,3.29,3.26,3.27,2.378332,152674466
2019/7/17,3.25,3.27,3.24,3.26,2.371058,118571673
2019/7/18,3.26,3.27,3.24,3.26,2.371058,168362169
2019/7/19,3.27,3.31,3.26,3.29,2.392878,238299115
2019/7/22,3.29,3.3,3.25,3.26,2.371058,141492942
2019/7/23,3.28,3.29,3.26,3.26,2.371058,99379954
2019/7/24,3.26,3.3,3.26,3.27,2.378332,172600061
2019/7/25,3.28,3.28,3.26,3.28,2.385605,123237490
2019/7/26,3.26,3.26,3.24,3.26,2.371058,226033947
2019/7/29,3.24,3.26,3.22,3.22,2.341966,241861729
2019/7/30,3.22,3.24,3.22,3.23,2.349239,107931769
2019/7/31,3.22,3.23,3.2,3.2,2.32742,207773369
2019/8/1,3.19,3.21,3.18,3.18,2.312873,300998219
2019/8/2,3.13,3.14,3.12,3.13,2.276507,407854234
2019/8/5,3.11,3.12,3.05,3.05,2.218322,359011910
2019/8/6,3.01,3.04,3,3.02,2.196502,382602900
2019/8/7,3.02,3.04,3,3.02,2.196502,254974788
2019/8/8,3.02,3.05,3.02,3.02,2.196502,235310144
2019/8/9,3.03,3.05,3,3.01,2.189229,214447418
2019/8/12,3.01,3.03,3,3,2.181956,169550715
2019/8/13,2.99,3.01,2.96,2.97,2.160136,340058359
2019/8/14,3,3.02,2.97,2.98,2.16741,223336962
2019/8/15,2.95,3.01,2.95,2.99,2.174683,240348195
2019/8/16,3,3.01,2.98,2.99,2.174683,213793727
2019/8/19,3.02,3.02,2.99,3.02,2.196502,278896168
2019/8/20,3,3.01,2.98,3.01,2.189229,198988420
2019/8/21,3,3.02,2.99,3.01,2.189229,250833017
2019/8/22,3,3.02,2.99,2.99,2.174683,171713033
2019/8/23,3,3,2.98,2.99,2.174683,229143608
2019/8/26,2.96,2.97,2.91,2.96,2.152863,409013806
2019/8/27,2.98,2.98,2.95,2.95,2.14559,284696407
2019/8/28,2.97,2.98,2.95,2.96,2.152863,166899692
2019/8/29,2.96,2.97,2.94,2.96,2.152863,206139432
2019/8/30,2.99,3,2.97,2.99,2.174683,299318871
2019/9/2,2.98,3,2.97,3,2.181956,131943932
2019/9/3,2.98,3,2.97,2.98,2.16741,124352888
2019/9/4,2.99,3.07,2.99,3.04,2.211048,344290251
2019/9/5,3.03,3.09,3.03,3.08,2.240141,223113445
2019/9/6,3.11,3.11,3.08,3.09,2.247414,204149685
2019/9/9,3.1,3.11,3.08,3.09,2.247414,158837340
2019/9/10,3.11,3.12,3.09,3.1,2.254688,152373932
2019/9/11,3.12,3.18,3.11,3.17,2.3056,300537140
2019/9/12,3.2,3.21,3.14,3.16,2.298327,121932726
2019/9/13,3.19,3.21,3.16,3.2,2.32742,199079902
2019/9/16,3.17,3.19,3.15,3.18,2.312873,159010648
2019/9/17,3.16,3.17,3.13,3.15,2.291054,170839996
2019/9/18,3.17,3.17,3.13,3.13,2.276507,128108643
2019/9/19,3.13,3.15,3.09,3.11,2.261961,141884279
2019/9/20,3.13,3.14,3.1,3.11,2.261961,230834087
2019/9/23,3.12,3.13,3.08,3.11,2.261961,161489534
2019/9/24,3.11,3.11,3.07,3.09,2.247414,264868159
2019/9/25,3.1,3.1,3.06,3.07,2.232868,231686705
2019/9/26,3.09,3.09,3.06,3.08,2.240141,176736384
2019/9/27,3.06,3.07,3.04,3.05,2.218322,218276258
2019/9/30,3.03,3.09,3.03,3.08,2.240141,210640947
2019/10/2,3.06,3.08,3.03,3.08,2.240141,177930425
2019/10/3,3.05,3.09,3.04,3.08,2.240141,161894806
2019/10/4,3.08,3.09,3.03,3.06,2.225595,132605987
2019/10/8,3.03,3.1,3.02,3.06,2.225595,224431138
2019/10/9,3.04,3.07,3.04,3.07,2.232868,161128142
2019/10/10,3.05,3.08,3.04,3.07,2.232868,193168668
2019/10/11,3.1,3.14,3.09,3.14,2.28378,208555723
2019/10/14,3.15,3.19,3.14,3.16,2.298327,248843964
2019/10/15,3.15,3.17,3.14,3.15,2.291054,186378170
2019/10/16,3.15,3.19,3.13,3.18,2.312873,217967607
2019/10/17,3.18,3.19,3.16,3.19,2.320146,149475224
2019/10/18,3.17,3.19,3.15,3.17,2.3056,169466467
2019/10/21,3.17,3.18,3.15,3.18,2.312873,99914014
2019/10/22,3.19,3.2,3.16,3.19,2.320146,132689998
2019/10/23,3.18,3.2,3.16,3.18,2.312873,102646971
2019/10/24,3.18,3.25,3.18,3.22,2.341966,292010928
2019/10/25,3.21,3.23,3.19,3.21,2.334693,128349495
2019/10/28,3.23,3.25,3.22,3.25,2.363785,184983350
2019/10/29,3.25,3.27,3.23,3.24,2.356512,186114687
2019/10/30,3.23,3.25,3.2,3.22,2.341966,166149098
2019/10/31,3.25,3.25,3.2,3.21,2.334693,240919201
2019/11/1,3.19,3.25,3.19,3.25,2.363785,171764337
2019/11/4,3.26,3.31,3.25,3.31,2.407424,249498500
2019/11/5,3.33,3.33,3.29,3.32,2.414698,186120327
2019/11/6,3.31,3.32,3.28,3.3,2.400151,177481435
2019/11/7,3.32,3.34,3.3,3.33,2.421971,183443569
2019/11/8,3.35,3.35,3.3,3.31,2.407424,166725182
2019/11/11,3.28,3.29,3.2,3.23,2.349239,268195981
2019/11/12,3.22,3.24,3.21,3.23,2.349239,112983957
2019/11/13,3.2,3.2,3.15,3.17,2.3056,263429617
2019/11/14,3.17,3.19,3.13,3.16,2.298327,204807305
2019/11/15,3.19,3.2,3.16,3.16,2.298327,118105290
2019/11/18,3.16,3.2,3.16,3.19,2.320146,138097946
2019/11/19,3.18,3.26,3.17,3.25,2.363785,198371356
2019/11/20,3.23,3.24,3.21,3.23,2.349239,149007087
2019/11/21,3.18,3.2,3.16,3.17,2.3056,244758705
2019/11/22,3.18,3.21,3.18,3.2,2.32742,112048660
2019/11/25,3.21,3.24,3.2,3.21,2.334693,239997465
2019/11/26,3.22,3.24,3.21,3.22,2.341966,391322126
2019/11/27,3.21,3.24,3.19,3.23,2.349239,147370839
2019/11/28,3.2,3.24,3.2,3.21,2.334693,112272483
2019/11/29,3.2,3.2,3.14,3.14,2.28378,253070292
2019/12/2,3.14,3.15,3.11,3.13,2.276507,274523876
2019/12/3,3.12,3.12,3.08,3.11,2.261961,359012618
2019/12/4,3.08,3.11,3.07,3.1,2.254688,235704526
2019/12/5,3.12,3.13,3.1,3.11,2.261961,142765481
2019/12/6,3.13,3.17,3.12,3.15,2.291054,207230250
2019/12/9,3.14,3.16,3.13,3.15,2.291054,144280590
2019/12/10,3.15,3.15,3.12,3.14,2.28378,157406603
2019/12/11,3.16,3.19,3.13,3.18,2.312873,218483457
2019/12/12,3.2,3.21,3.19,3.2,2.32742,173473962
2019/12/13,3.25,3.27,3.21,3.26,2.371058,370561711
2019/12/16,3.25,3.27,3.24,3.24,2.356512,177683611
2019/12/17,3.23,3.3,3.23,3.29,2.392878,282529724
2019/12/18,3.28,3.31,3.28,3.3,2.400151,284556921
2019/12/19,3.32,3.32,3.27,3.3,2.400151,200348918
2019/12/20,3.29,3.32,3.29,3.31,2.407424,254644937
2019/12/23,3.3,3.34,3.3,3.33,2.421971,208761746
2019/12/24,3.32,3.33,3.31,3.33,2.421971,109580893
2019/12/27,3.34,3.37,3.33,3.35,2.436517,271578808
2019/12/30,3.36,3.37,3.34,3.36,2.44379,193834290
2019/12/31,3.34,3.36,3.33,3.33,2.421971,171118364
2020/1/2,3.35,3.37,3.33,3.37,2.451064,197261188
2020/1/3,3.38,3.39,3.34,3.36,2.44379,230030066
2020/1/6,3.32,3.33,3.29,3.29,2.392878,266374390
2020/1/7,3.3,3.33,3.28,3.28,2.385605,186655578
2020/1/8,3.24,3.24,3.21,3.22,2.341966,394767971
2020/1/9,3.25,3.28,3.24,3.27,2.378332,374906450
2020/1/10,3.28,3.3,3.27,3.28,2.385605,254665824
2020/1/13,3.29,3.34,3.28,3.33,2.421971,272842194
2020/1/14,3.35,3.35,3.31,3.32,2.414698,257163407
2020/1/15,3.34,3.34,3.29,3.31,2.407424,240672164
2020/1/16,3.3,3.31,3.28,3.3,2.400151,342112084
2020/1/17,3.3,3.32,3.28,3.3,2.400151,252806029
2020/1/20,3.29,3.32,3.29,3.3,2.400151,235752107
2020/1/21,3.28,3.28,3.22,3.22,2.341966,358368526
2020/1/22,3.24,3.27,3.22,3.25,2.363785,174335362
2020/1/23,3.22,3.23,3.19,3.2,2.32742,302486336
2020/1/24,3.19,3.21,3.18,3.2,2.32742,82999352
2020/1/29,3.11,3.14,3.09,3.1,2.254688,411925635
2020/1/30,3.06,3.08,3.01,3.03,2.203775,384411677
2020/1/31,3.05,3.07,3.02,3.03,2.203775,301564936
2020/2/3,3,3.07,3,3.04,2.211048,378332184
2020/2/4,3.02,3.09,3.02,3.06,2.225595,307688123
2020/2/5,3.06,3.1,3.02,3.07,2.232868,409844804
2020/2/6,3.12,3.18,3.1,3.14,2.28378,339802912
2020/2/7,3.15,3.15,3.11,3.13,2.276507,214307414
2020/2/10,3.1,3.14,3.09,3.12,2.269234,244273758
2020/2/11,3.15,3.19,3.13,3.17,2.3056,295015040
2020/2/12,3.2,3.23,3.15,3.19,2.320146,337793526
2020/2/13,3.18,3.21,3.17,3.19,2.320146,261214594
2020/2/14,3.18,3.24,3.18,3.22,2.341966,248620938
2020/2/17,3.19,3.25,3.19,3.23,2.349239,179863817
2020/2/18,3.2,3.22,3.2,3.2,2.32742,263843179
2020/2/19,3.19,3.25,3.19,3.22,2.341966,232331615
2020/2/20,3.22,3.23,3.18,3.22,2.341966,257128951
2020/2/21,3.19,3.22,3.18,3.19,2.320146,260670982
2020/2/24,3.19,3.19,3.13,3.14,2.28378,277031489
2020/2/25,3.11,3.14,3.11,3.12,2.269234,259911885
2020/2/26,3.09,3.13,3.08,3.11,2.261961,229833016
2020/2/27,3.09,3.18,3.08,3.16,2.298327,259558361
2020/2/28,3.11,3.11,3.08,3.08,2.240141,441485313
2020/3/2,3.06,3.13,3.06,3.11,2.261961,327976355
2020/3/3,3.12,3.15,3.11,3.11,2.261961,284441589
2020/3/4,3.12,3.15,3.1,3.12,2.269234,245553192
2020/3/5,3.11,3.16,3.11,3.14,2.28378,376889580
2020/3/6,3.11,3.12,3.08,3.09,2.247414,374216552
2020/3/9,3.03,3.04,2.99,3.01,2.189229,653669352
2020/3/10,3.03,3.1,3.02,3.07,2.232868,379894032
2020/3/11,3.05,3.09,3.04,3.07,2.232868,296856973
2020/3/12,3.01,3.03,2.99,3,2.181956,511792502
2020/3/13,2.85,3.01,2.81,2.99,2.174683,708065269
2020/3/16,2.93,2.98,2.86,2.89,2.101951,593108106
2020/3/17,2.84,2.98,2.84,2.91,2.116497,495635751
2020/3/18,2.86,2.92,2.8,2.82,2.051038,678886078
2020/3/19,2.78,2.82,2.71,2.73,1.98558,766904691
2020/3/20,2.77,2.91,2.77,2.91,2.116497,701912805
2020/3/23,2.79,2.84,2.76,2.78,2.021946,545074634
2020/3/24,2.88,2.92,2.85,2.88,2.094678,516243513
2020/3/25,2.93,2.96,2.89,2.94,2.138317,414967996
2020/3/26,2.89,2.96,2.88,2.92,2.12377,303872213
2020/3/27,2.96,2.97,2.91,2.93,2.131043,229350855
2020/3/30,2.88,2.97,2.87,2.9,2.109224,328174373
2020/3/31,2.94,2.98,2.91,2.97,2.160136,335189721
2020/4/1,2.91,3,2.91,2.94,2.138317,460137001
2020/4/2,2.92,2.96,2.92,2.95,2.14559,190928004
2020/4/3,2.93,2.95,2.92,2.93,2.131043,164429620
2020/4/6,2.97,2.99,2.94,2.97,2.160136,237816664
2020/4/7,3,3.02,2.98,3.01,2.189229,290140030
2020/4/8,3.01,3.02,2.97,2.97,2.160136,243100578
2020/4/9,3.02,3.02,2.97,2.99,2.174683,200298866
2020/4/14,2.99,3.02,2.98,3,2.181956,256981764
2020/4/15,3,3.02,2.97,2.98,2.16741,190792824
2020/4/16,2.96,2.97,2.94,2.94,2.138317,259964924
2020/4/17,2.97,3.01,2.97,2.98,2.16741,214920798
2020/4/20,2.97,3,2.96,2.97,2.160136,168035733
2020/4/21,2.95,2.97,2.92,2.94,2.138317,238379837
2020/4/22,2.91,2.94,2.91,2.91,2.116497,344433399
2020/4/23,2.88,2.9,2.85,2.87,2.087404,631808600
2020/4/24,2.87,2.89,2.85,2.86,2.080131,274220850
2020/4/27,2.88,2.92,2.88,2.91,2.116497,289137061
2020/4/28,2.91,2.96,2.9,2.94,2.138317,343282051
2020/4/29,2.96,2.99,2.95,2.97,2.160136,214157984
2020/5/4,2.85,2.89,2.85,2.87,2.087404,347693574
2020/5/5,2.87,2.89,2.86,2.87,2.087404,212010421
2020/5/6,2.87,2.91,2.87,2.89,2.101951,238498524
2020/5/7,2.88,2.91,2.87,2.89,2.101951,144973683
2020/5/8,2.9,2.92,2.9,2.91,2.116497,123508108
2020/5/11,2.92,2.96,2.92,2.93,2.131043,183738532
2020/5/12,2.91,2.92,2.89,2.9,2.109224,219372448
2020/5/13,2.88,2.92,2.88,2.9,2.109224,141625263
2020/5/14,2.89,2.9,2.86,2.86,2.080131,229821114
2020/5/15,2.87,2.89,2.85,2.87,2.087404,200568652
2020/5/18,2.85,2.9,2.85,2.88,2.094678,172127520
2020/5/19,2.94,2.97,2.92,2.92,2.12377,303253621
2020/5/20,2.91,2.95,2.91,2.92,2.12377,155729033
2020/5/21,2.93,2.94,2.9,2.92,2.12377,170235630
2020/5/22,2.87,2.89,2.82,2.83,2.058311,457620899
2020/5/25,2.82,2.85,2.81,2.84,2.065585,228266719
2020/5/26,2.88,2.9,2.85,2.85,2.072858,182542884
2020/5/27,2.87,2.89,2.82,2.85,2.072858,298207778
2020/5/28,2.82,2.88,2.82,2.85,2.072858,315619602
2020/5/29,2.82,2.85,2.82,2.83,2.058311,408687772
2020/6/1,2.88,2.91,2.86,2.88,2.094678,282282336
2020/6/2,2.88,2.91,2.87,2.91,2.116497,226709874
2020/6/3,2.94,2.95,2.91,2.92,2.12377,294359809
2020/6/4,2.95,2.96,2.91,2.92,2.12377,223134000
2020/6/5,2.93,2.98,2.91,2.97,2.160136,284340598
2020/6/8,2.99,3,2.94,2.95,2.14559,279430577
2020/6/9,2.96,2.99,2.94,2.98,2.16741,249241644
2020/6/10,2.99,3,2.97,2.99,2.174683,254354781
2020/6/11,2.98,2.99,2.93,2.93,2.131043,250407528
2020/6/12,2.89,2.91,2.88,2.9,2.109224,239954243
2020/6/15,2.89,2.91,2.86,2.86,2.080131,324262249
2020/6/16,2.91,2.93,2.88,2.89,2.101951,199871809
2020/6/17,2.89,2.92,2.87,2.91,2.116497,116720164
2020/6/18,2.9,2.91,2.87,2.89,2.101951,215942026
2020/6/19,2.89,2.93,2.89,2.91,2.116497,279248752
2020/6/22,2.9,2.92,2.9,2.9,2.109224,170912317
2020/6/23,2.9,2.92,2.87,2.92,2.12377,269111753
2020/6/24,2.92,2.93,2.9,2.9,2.109224,207037571
2020/6/26,2.89,2.92,2.89,2.91,2.116497,209066091
2020/6/29,2.92,2.92,2.89,2.89,2.101951,246951674
2020/6/30,2.9,2.91,2.87,2.87,2.087404,335386928
2020/7/2,2.9,2.97,2.9,2.95,2.14559,453696518
2020/7/3,2.97,3.04,2.96,3.02,2.196502,513978980
2020/7/6,3.04,3.19,3.03,3.16,2.298327,975402826
2020/7/7,2.98,3.02,2.88,2.9,2.258852,777757716
2020/7/8,2.91,2.94,2.86,2.88,2.243274,427649749
2020/7/9,2.9,2.9,2.84,2.85,2.219906,418814554
2020/7/10,2.83,2.84,2.8,2.81,2.18875,323315228
2020/7/13,2.82,2.83,2.8,2.8,2.180961,334450304
2020/7/14,2.8,2.8,2.76,2.79,2.173172,404871298
2020/7/15,2.81,2.83,2.75,2.77,2.157593,300753959
2020/7/16,2.76,2.78,2.75,2.76,2.149804,251202903
2020/7/17,2.78,2.8,2.77,2.77,2.157593,161507064
2020/7/20,2.77,2.8,2.75,2.78,2.165382,225135968
2020/7/21,2.79,2.79,2.75,2.76,2.149804,256832093
2020/7/22,2.77,2.78,2.72,2.72,2.118648,332037678
2020/7/23,2.72,2.73,2.69,2.7,2.103069,377120178
2020/7/24,2.69,2.7,2.62,2.64,2.056334,612320932
2020/7/27,2.67,2.68,2.63,2.64,2.056334,252644779
2020/7/28,2.67,2.68,2.64,2.65,2.064124,152210233
2020/7/29,2.64,2.66,2.64,2.66,2.071913,104682326
2020/7/30,2.65,2.66,2.62,2.62,2.040756,229232163
2020/7/31,2.62,2.64,2.6,2.6,2.025178,235886173
2020/8/3,2.6,2.62,2.57,2.58,2.009599,331665677
2020/8/4,2.59,2.65,2.58,2.64,2.056334,245255542
2020/8/5,2.64,2.65,2.62,2.63,2.048545,138482549
2020/8/6,2.64,2.65,2.58,2.61,2.032967,213575454
2020/8/7,2.6,2.61,2.57,2.58,2.009599,279373808
2020/8/10,2.57,2.6,2.56,2.58,2.009599,234453642
2020/8/11,2.59,2.62,2.58,2.6,2.025178,238842704
2020/8/12,2.58,2.63,2.58,2.63,2.048545,240558669
2020/8/13,2.63,2.65,2.61,2.61,2.032967,127546918
2020/8/14,2.6,2.63,2.6,2.62,2.040756,181719587
2020/8/17,2.61,2.68,2.61,2.65,2.064124,246026863
2020/8/18,2.67,2.68,2.65,2.65,2.064124,155551226
2020/8/19,2.65,2.66,2.62,2.62,2.040756,182080755
2020/8/20,2.61,2.62,2.58,2.6,2.025178,268268106
2020/8/21,2.61,2.62,2.59,2.61,2.032967,155158809
2020/8/24,2.6,2.63,2.59,2.61,2.032967,270264618
2020/8/25,2.61,2.62,2.59,2.6,2.025178,210447680
2020/8/26,2.59,2.6,2.58,2.59,2.017389,153123642
2020/8/27,2.59,2.6,2.57,2.57,2.00181,225235945
2020/8/28,2.56,2.6,2.56,2.56,1.994021,268869345
2020/8/31,2.58,2.6,2.53,2.54,1.978443,409419682
2020/9/1,2.52,2.53,2.51,2.52,1.962865,219956740
2020/9/2,2.51,2.52,2.49,2.49,1.939497,350688186
2020/9/3,2.48,2.52,2.48,2.5,1.947286,303759412
2020/9/4,2.5,2.5,2.48,2.49,1.939497,473963561
2020/9/7,2.49,2.53,2.49,2.49,1.939497,175231497
2020/9/8,2.52,2.59,2.49,2.58,2.009599,368999728
2020/9/9,2.55,2.58,2.54,2.57,2.00181,241765707
2020/9/10,2.56,2.57,2.53,2.54,1.978443,242507028
2020/9/11,2.53,2.56,2.52,2.54,1.978443,178072195
2020/9/14,2.53,2.56,2.53,2.54,1.978443,134957925
2020/9/15,2.53,2.56,2.52,2.56,1.994021,132274603
2020/9/16,2.55,2.56,2.52,2.52,1.962865,295700306
2020/9/17,2.52,2.53,2.5,2.5,1.947286,185876836
2020/9/18,2.51,2.53,2.51,2.51,1.955076,462074849
2020/9/21,2.53,2.53,2.48,2.49,1.939497,209043715
2020/9/22,2.49,2.5,2.48,2.48,1.931708,119314331
2020/9/23,2.48,2.49,2.46,2.46,1.91613,271676201
2020/9/24,2.46,2.46,2.41,2.41,1.877184,239761878
2020/9/25,2.44,2.45,2.4,2.4,1.869395,249319715
2020/9/28,2.41,2.44,2.41,2.43,1.892762,172564116
2020/9/29,2.44,2.45,2.38,2.39,1.861606,226431418
2020/9/30,2.39,2.43,2.39,2.4,1.869395,214715105
2020/10/5,2.41,2.42,2.4,2.4,1.869395,127327481
2020/10/6,2.41,2.41,2.37,2.37,1.846027,253813271
2020/10/7,2.34,2.4,2.33,2.39,1.861606,348171512
2020/10/8,2.38,2.41,2.36,2.41,1.877184,167153849
2020/10/9,2.39,2.42,2.38,2.39,1.861606,173151718
2020/10/12,2.4,2.51,2.39,2.49,1.939497,342079191
2020/10/14,2.49,2.52,2.45,2.51,1.955076,354900833
2020/10/15,2.5,2.53,2.48,2.48,1.931708,267848478
2020/10/16,2.48,2.57,2.47,2.56,1.994021,399920574
2020/10/19,2.59,2.63,2.58,2.58,2.009599,491188487
2020/10/20,2.58,2.58,2.53,2.54,1.978443,263785525
2020/10/21,2.54,2.56,2.54,2.55,1.986232,358069316
2020/10/22,2.55,2.61,2.54,2.6,2.025178,361097989
2020/10/23,2.61,2.64,2.59,2.61,2.032967,282740424
2020/10/27,2.59,2.6,2.54,2.58,2.009599,353284833
2020/10/28,2.58,2.58,2.52,2.55,1.986232,211958597
2020/10/29,2.51,2.52,2.5,2.51,1.955076,161759020
2020/10/30,2.51,2.51,2.45,2.45,1.908341,270137440
2020/11/2,2.47,2.55,2.46,2.53,1.970654,298720706
2020/11/3,2.56,2.6,2.55,2.57,2.00181,250864091
2020/11/4,2.58,2.6,2.55,2.56,1.994021,162461681
2020/11/5,2.61,2.62,2.57,2.59,2.017389,262606746
2020/11/6,2.59,2.63,2.57,2.63,2.048545,302573963
2020/11/9,2.65,2.68,2.65,2.67,2.079702,280440345
2020/11/10,2.7,2.72,2.68,2.72,2.118648,426477324
2020/11/11,2.75,2.82,2.72,2.82,2.196539,570758600
2020/11/12,2.82,2.83,2.75,2.77,2.157593,347120756
2020/11/13,2.77,2.78,2.71,2.71,2.110858,342173260
2020/11/16,2.74,2.76,2.71,2.72,2.118648,135738466
2020/11/17,2.73,2.77,2.73,2.76,2.149804,199340848
2020/11/18,2.76,2.76,2.7,2.76,2.149804,256477840
2020/11/19,2.74,2.75,2.71,2.71,2.110858,194855422
2020/11/20,2.7,2.71,2.68,2.68,2.087491,237557098
2020/11/23,2.68,2.71,2.67,2.71,2.110858,206264359
2020/11/24,2.7,2.7,2.68,2.68,2.087491,129547908
2020/11/25,2.7,2.74,2.69,2.7,2.103069,290636624
2020/11/26,2.7,2.73,2.69,2.72,2.118648,127522402
2020/11/27,2.7,2.78,2.7,2.78,2.165382,247044267
2020/11/30,2.78,2.87,2.71,2.74,2.134226,793274167
2020/12/1,2.74,2.77,2.7,2.75,2.142015,303139971
2020/12/2,2.75,2.76,2.72,2.74,2.134226,198835911
2020/12/3,2.72,2.74,2.7,2.72,2.118648,376692206
2020/12/4,2.71,2.73,2.7,2.72,2.118648,363892426
2020/12/7,2.71,2.72,2.64,2.7,2.103069,380043501
2020/12/8,2.69,2.69,2.65,2.65,2.064124,202562947
2020/12/9,2.66,2.69,2.66,2.68,2.087491,170189364
2020/12/10,2.67,2.69,2.65,2.65,2.064124,116030621
2020/12/11,2.67,2.68,2.63,2.66,2.071913,225748937
2020/12/14,2.68,2.72,2.62,2.63,2.048545,279925394
2020/12/15,2.64,2.66,2.61,2.62,2.040756,215602477
2020/12/16,2.65,2.66,2.61,2.63,2.048545,241563976
2020/12/17,2.62,2.64,2.6,2.61,2.032967,320853921
2020/12/18,2.6,2.62,2.58,2.59,2.017389,347044756
2020/12/21,2.58,2.59,2.55,2.56,1.994021,245860822
2020/12/22,2.57,2.58,2.56,2.57,2.00181,190031132
2020/12/23,2.56,2.57,2.54,2.54,1.978443,158153409
2020/12/24,2.58,2.58,2.58,2.58,2.009599,0
2020/12/28,2.59,2.64,2.58,2.63,2.048545,263837140
2020/12/29,2.64,2.65,2.61,2.64,2.056334,221538407
2020/12/30,2.65,2.65,2.62,2.65,2.064124,249891377
2020/12/31,2.65,2.65,2.65,2.65,2.064124,0
2021/1/4,2.64,2.65,2.61,2.61,2.032967,225782125
2021/1/5,2.6,2.65,2.59,2.64,2.056334,227298426
2021/1/6,2.63,2.67,2.62,2.67,2.079702,229346447
2021/1/7,2.68,2.73,2.66,2.66,2.071913,302486185
2021/1/8,2.68,2.69,2.63,2.68,2.087491,308013934
2021/1/11,2.67,2.72,2.67,2.7,2.103069,393288216
2021/1/12,2.71,2.73,2.69,2.71,2.110858,276693017
2021/1/13,2.72,2.73,2.7,2.72,2.118648,201620628
2021/1/14,2.73,2.73,2.7,2.71,2.110858,296786489
2021/1/15,2.71,2.77,2.7,2.73,2.126437,391249014
2021/1/18,2.73,2.74,2.7,2.73,2.126437,212852820
2021/1/19,2.74,2.78,2.73,2.77,2.157593,623010201
2021/1/20,2.77,2.79,2.75,2.78,2.165382,460046930
2021/1/21,2.78,2.78,2.76,2.78,2.165382,224740753
2021/1/22,2.79,2.79,2.71,2.71,2.110858,368811148
2021/1/25,2.7,2.74,2.69,2.73,2.126437,253998654
2021/1/26,2.7,2.73,2.69,2.69,2.09528,255356574
2021/1/27,2.71,2.75,2.7,2.73,2.126437,274350997
2021/1/28,2.7,2.71,2.67,2.68,2.087491,195984040
2021/1/29,2.68,2.7,2.62,2.63,2.048545,370501101
2021/2/1,2.62,2.65,2.61,2.64,2.056334,251220904
2021/2/2,2.66,2.67,2.64,2.65,2.064124,205905973
2021/2/3,2.63,2.64,2.6,2.63,2.048545,232169325
2021/2/4,2.62,2.66,2.61,2.63,2.048545,279621154
2021/2/5,2.63,2.67,2.62,2.64,2.056334,285280846
2021/2/8,2.65,2.66,2.62,2.63,2.048545,282343618
2021/2/9,2.63,2.65,2.62,2.63,2.048545,186409628
2021/2/10,2.65,2.71,2.64,2.68,2.087491,360233465
2021/2/11,2.69,2.69,2.69,2.69,2.09528,0
2021/2/16,2.72,2.74,2.71,2.72,2.118648,266352069
2021/2/17,2.72,2.77,2.71,2.75,2.142015,360889289
2021/2/18,2.76,2.76,2.72,2.72,2.118648,331683544
2021/2/19,2.72,2.73,2.7,2.72,2.118648,278923143
2021/2/22,2.73,2.75,2.72,2.74,2.134226,359991049
2021/2/23,2.76,2.8,2.75,2.79,2.173172,569533477
2021/2/24,2.8,2.8,2.75,2.76,2.149804,484618257
2021/2/25,2.75,2.79,2.74,2.77,2.157593,466330063
2021/2/26,2.78,2.78,2.72,2.72,2.118648,499163150
2021/3/1,2.74,2.74,2.7,2.7,2.103069,237020807
2021/3/2,2.71,2.72,2.68,2.69,2.09528,332978047
2021/3/3,2.7,2.81,2.69,2.8,2.180961,674545188
2021/3/4,2.79,2.8,2.75,2.78,2.165382,397437104
2021/3/5,2.78,2.87,2.76,2.84,2.212117,697062519
2021/3/8,2.87,2.9,2.86,2.88,2.243274,661603759
2021/3/9,2.92,2.95,2.85,2.89,2.251063,654099722
2021/3/10,2.86,2.89,2.83,2.89,2.251063,413930636
2021/3/11,2.89,2.92,2.85,2.87,2.235485,476167419
2021/3/12,2.86,2.9,2.84,2.85,2.219906,416170425
2021/3/15,2.85,2.92,2.84,2.91,2.266641,447462595
2021/3/16,2.93,2.93,2.88,2.89,2.251063,217507332
2021/3/17,2.91,2.93,2.88,2.93,2.28222,272876709
2021/3/18,2.94,2.95,2.93,2.93,2.28222,264043725
2021/3/19,2.91,2.93,2.87,2.88,2.243274,492937236
2021/3/22,2.89,2.96,2.88,2.94,2.290009,399087137
2021/3/23,2.95,2.96,2.89,2.92,2.274431,228422725
2021/3/24,2.92,2.93,2.88,2.89,2.251063,288825918
2021/3/25,2.9,2.92,2.88,2.91,2.266641,291908252
2021/3/26,2.92,2.93,2.89,2.92,2.274431,217645079
2021/3/29,2.92,2.96,2.91,2.95,2.297798,405909796
2021/3/30,2.96,2.97,2.91,2.92,2.274431,323580332
2021/3/31,2.97,2.98,2.94,2.96,2.305587,397711605
2021/4/1,2.97,2.98,2.94,2.95,2.297798,421340554
2021/4/7,2.95,2.97,2.94,2.97,2.313376,346338996
2021/4/8,2.97,2.99,2.96,2.99,2.328954,302211311
2021/4/9,2.98,3,2.97,2.99,2.328954,299416664
2021/4/12,3,3,2.98,3,2.336744,353018961
2021/4/13,3.01,3.05,3,3.04,2.3679,491050972
2021/4/14,3.05,3.08,3.03,3.08,2.399057,462780225
2021/4/15,3.08,3.08,3.05,3.06,2.383478,328582491
2021/4/16,3.08,3.08,3.05,3.08,2.399057,338755927
2021/4/19,3.08,3.13,3.06,3.11,2.422424,456626838
2021/4/20,3.11,3.14,3.1,3.14,2.445792,342715216
2021/4/21,3.11,3.14,3.11,3.11,2.422424,300110785
2021/4/22,3.13,3.14,3.1,3.11,2.422424,242748946
2021/4/23,3.11,3.14,3.08,3.14,2.445792,281562760
2021/4/26,3.14,3.14,3.08,3.08,2.399057,313275944
2021/4/27,3.07,3.1,3.07,3.1,2.414635,371522253
2021/4/28,3.1,3.12,3.09,3.11,2.422424,263224295
2021/4/29,3.15,3.17,3.13,3.15,2.453581,331317315
2021/4/30,3.14,3.15,3.09,3.09,2.406846,305170861
2021/5/3,3.1,3.1,3.06,3.06,2.383478,233569732
2021/5/4,3.06,3.09,3.06,3.09,2.406846,232339462
2021/5/5,3.08,3.15,3.08,3.12,2.430213,288911708
2021/5/6,3.14,3.15,3.1,3.11,2.422424,197006952
2021/5/7,3.12,3.14,3.11,3.14,2.445792,298773282
2021/5/10,3.15,3.15,3.12,3.14,2.445792,249639734
2021/5/11,3.13,3.14,3.1,3.11,2.422424,267103790
2021/5/12,3.11,3.14,3.1,3.11,2.422424,280884238
2021/5/13,3.1,3.13,3.1,3.11,2.422424,276586189
2021/5/14,3.14,3.15,3.12,3.13,2.438003,197664318
2021/5/17,3.12,3.13,3.11,3.12,2.430213,199573100
2021/5/18,3.12,3.14,3.11,3.14,2.445792,254800270
2021/5/20,3.13,3.13,3.1,3.12,2.430213,311808485
2021/5/21,3.12,3.13,3.11,3.11,2.422424,238717422
2021/5/24,3.11,3.13,3.11,3.12,2.430213,298984115
2021/5/25,3.12,3.15,3.12,3.15,2.453581,375744053
2021/5/26,3.15,3.17,3.14,3.16,2.46137,548751808
2021/5/27,2.93,2.97,2.92,2.92,2.459385,698468638
2021/5/28,2.95,2.95,2.92,2.94,2.47623,371477613
2021/5/31,2.96,2.96,2.86,2.91,2.450962,537430453
2021/6/1,2.89,2.91,2.87,2.91,2.450962,218141501
2021/6/2,2.89,2.91,2.88,2.89,2.434117,208938539
2021/6/3,2.89,2.9,2.86,2.87,2.417272,348855284
2021/6/4,2.86,2.88,2.85,2.87,2.417272,508332139
2021/6/7,2.87,2.88,2.83,2.83,2.383582,394452732
2021/6/8,2.85,2.85,2.83,2.85,2.400427,234271148
2021/6/9,2.87,2.87,2.81,2.85,2.400427,325003094
2021/6/10,2.85,2.85,2.8,2.82,2.375159,285344315
2021/6/11,2.83,2.84,2.8,2.83,2.383582,294243242
2021/6/15,2.83,2.84,2.78,2.78,2.341469,405121532
2021/6/16,2.78,2.81,2.78,2.81,2.366737,196217001
2021/6/17,2.81,2.83,2.81,2.82,2.375159,188343161
2021/6/18,2.81,2.82,2.78,2.82,2.375159,483571701
2021/6/21,2.79,2.81,2.78,2.8,2.358314,164004587
2021/6/22,2.8,2.82,2.79,2.8,2.358314,172575518
2021/6/23,2.82,2.83,2.78,2.82,2.375159,232540782
2021/6/24,2.82,2.83,2.8,2.81,2.366737,165822546
2021/6/25,2.81,2.83,2.8,2.83,2.383582,150401295
2021/6/28,2.83,2.83,2.8,2.81,2.366737,182432462
2021/6/29,2.82,2.82,2.78,2.79,2.349891,216367266
2021/6/30,2.79,2.81,2.79,2.79,2.349891,159379728
2021/7/2,2.79,2.82,2.78,2.78,2.341469,232086534
2021/7/5,2.78,2.81,2.78,2.78,2.341469,192672047
2021/7/6,2.78,2.8,2.78,2.78,2.341469,153973797
2021/7/7,2.79,2.8,2.77,2.78,2.341469,177103634
2021/7/8,2.8,2.8,2.75,2.75,2.316201,275838049
2021/7/9,2.74,2.76,2.73,2.74,2.307779,280264687
2021/7/12,2.77,2.79,2.74,2.75,2.316201,193644897
2021/7/13,2.76,2.78,2.74,2.78,2.341469,202684527
2021/7/14,2.77,2.78,2.72,2.74,2.307779,229585900
2021/7/15,2.73,2.8,2.73,2.77,2.333046,293092957
2021/7/16,2.77,2.78,2.76,2.76,2.324624,202823692
2021/7/19,2.75,2.76,2.73,2.74,2.307779,226995100
2021/7/20,2.73,2.75,2.7,2.71,2.282511,276577854
2021/7/21,2.72,2.73,2.7,2.71,2.282511,171953134
2021/7/22,2.72,2.76,2.71,2.72,2.290934,296065910
2021/7/23,2.72,2.73,2.7,2.71,2.282511,130450500
2021/7/26,2.71,2.72,2.69,2.71,2.282511,232339719
2021/7/27,2.72,2.77,2.7,2.73,2.299356,578921161
2021/7/28,2.76,2.78,2.73,2.74,2.307779,396804353
2021/7/29,2.73,2.75,2.7,2.7,2.274089,311692418
2021/7/30,2.7,2.73,2.69,2.7,2.274089,301627440
2021/8/2,2.69,2.74,2.69,2.71,2.282511,189173425
2021/8/3,2.73,2.73,2.69,2.73,2.299356,221827914
2021/8/4,2.73,2.75,2.72,2.72,2.290934,138309908
2021/8/5,2.72,2.73,2.7,2.71,2.282511,155842944
2021/8/6,2.7,2.71,2.68,2.69,2.265666,188143801
2021/8/9,2.69,2.73,2.68,2.71,2.282511,213281914
2021/8/10,2.71,2.72,2.69,2.7,2.274089,139891125
2021/8/11,2.69,2.73,2.69,2.73,2.299356,234680477
2021/8/12,2.72,2.75,2.71,2.73,2.299356,177462503
2021/8/13,2.71,2.73,2.7,2.72,2.290934,109399011
2021/8/16,2.73,2.74,2.71,2.71,2.282511,160670924
2021/8/17,2.71,2.74,2.71,2.73,2.299356,207779035
2021/8/18,2.74,2.75,2.73,2.74,2.307779,168813739
2021/8/19,2.73,2.73,2.7,2.71,2.282511,184792415
2021/8/20,2.71,2.74,2.7,2.7,2.274089,205972903
2021/8/23,2.73,2.73,2.7,2.72,2.290934,174373155
2021/8/24,2.73,2.74,2.7,2.7,2.274089,224152343
2021/8/25,2.71,2.72,2.7,2.7,2.274089,136608202
2021/8/26,2.71,2.71,2.69,2.7,2.274089,137308070
2021/8/27,2.69,2.72,2.69,2.7,2.274089,156486129
2021/8/30,2.7,2.72,2.69,2.7,2.274089,159511322
2021/8/31,2.71,2.74,2.69,2.73,2.299356,329445459
2021/9/1,2.73,2.75,2.72,2.74,2.307779,276350056
2021/9/2,2.75,2.76,2.72,2.72,2.290934,179552925
2021/9/3,2.74,2.75,2.73,2.73,2.299356,255644871
2021/9/6,2.73,2.78,2.73,2.76,2.324624,375671111
2021/9/7,2.76,2.79,2.75,2.77,2.333046,337985712
2021/9/8,2.77,2.8,2.76,2.76,2.324624,277279130
2021/9/9,2.76,2.77,2.75,2.77,2.333046,230815444
2021/9/10,2.76,2.83,2.76,2.82,2.375159,427490092
2021/9/13,2.81,2.89,2.8,2.85,2.400427,497687855
2021/9/14,2.87,2.9,2.81,2.81,2.366737,369363309
2021/9/15,2.81,2.85,2.8,2.81,2.366737,231520472
2021/9/16,2.82,2.82,2.75,2.79,2.349891,305360921
2021/9/17,2.78,2.78,2.73,2.77,2.333046,419687105
2021/9/20,2.74,2.75,2.68,2.7,2.274089,465138388
2021/9/21,2.68,2.74,2.67,2.7,2.274089,258938048
2021/9/23,2.73,2.78,2.72,2.73,2.299356,309569569
2021/9/24,2.73,2.76,2.7,2.71,2.282511,251983934
2021/9/27,2.72,2.75,2.71,2.71,2.282511,211408556
2021/9/28,2.71,2.74,2.7,2.71,2.282511,233029430
2021/9/29,2.71,2.76,2.7,2.75,2.316201,273973260
2021/9/30,2.73,2.76,2.72,2.76,2.324624,181521036
2021/10/4,2.73,2.75,2.71,2.72,2.290934,172177454
2021/10/5,2.7,2.74,2.7,2.73,2.299356,137222040
2021/10/6,2.73,2.73,2.71,2.72,2.290934,139639358
2021/10/7,2.73,2.79,2.73,2.74,2.307779,285993498
2021/10/8,2.74,2.76,2.72,2.73,2.299356,304561614
2021/10/11,2.73,2.76,2.72,2.72,2.290934,223869968
2021/10/12,2.72,2.74,2.72,2.73,2.299356,233963681
2021/10/15,2.72,2.76,2.71,2.74,2.307779,209614441
2021/10/18,2.75,2.76,2.72,2.73,2.299356,180005685
2021/10/19,2.73,2.78,2.73,2.77,2.333046,237228307
2021/10/20,2.77,2.78,2.74,2.75,2.316201,179902906
2021/10/21,2.76,2.78,2.75,2.76,2.324624,382504147
2021/10/22,2.76,2.78,2.75,2.77,2.333046,133847928
2021/10/25,2.77,2.79,2.76,2.77,2.333046,133658556
2021/10/26,2.77,2.78,2.76,2.77,2.333046,164687791
2021/10/27,2.77,2.78,2.75,2.76,2.324624,152695759
2021/10/28,2.75,2.77,2.74,2.75,2.316201,185508138
2021/10/29,2.75,2.76,2.73,2.75,2.316201,292093285
2021/11/1,2.75,2.77,2.73,2.77,2.333046,214402887
2021/11/2,2.8,2.8,2.74,2.76,2.324624,219129415
2021/11/3,2.75,2.78,2.75,2.76,2.324624,150843263
2021/11/4,2.75,2.76,2.74,2.75,2.316201,127612071
2021/11/5,2.75,2.76,2.72,2.73,2.299356,237502425
2021/11/8,2.73,2.76,2.72,2.75,2.316201,193371286
2021/11/9,2.76,2.77,2.73,2.75,2.316201,109062052
2021/11/10,2.75,2.75,2.72,2.73,2.299356,173736090
2021/11/11,2.75,2.76,2.72,2.76,2.324624,238097828
2021/11/12,2.78,2.78,2.74,2.76,2.324624,160287587
2021/11/15,2.75,2.77,2.74,2.77,2.333046,134994922
2021/11/16,2.77,2.78,2.75,2.78,2.341469,158843720
2021/11/17,2.76,2.78,2.76,2.78,2.341469,133510094
2021/11/18,2.76,2.78,2.76,2.78,2.341469,103657747
2021/11/19,2.78,2.8,2.77,2.79,2.349891,210523530
2021/11/22,2.79,2.8,2.78,2.78,2.341469,109598657
2021/11/23,2.79,2.8,2.78,2.79,2.349891,198148722
2021/11/24,2.79,2.8,2.78,2.78,2.341469,88749551
2021/11/25,2.78,2.79,2.76,2.77,2.333046,95802861
2021/11/26,2.76,2.77,2.74,2.74,2.307779,156963924
2021/11/29,2.75,2.76,2.73,2.73,2.299356,136317401
2021/11/30,2.73,2.75,2.7,2.71,2.282511,577156852
2021/12/1,2.72,2.76,2.72,2.72,2.290934,303270154
2021/12/2,2.72,2.77,2.72,2.74,2.307779,315278216
2021/12/3,2.74,2.77,2.72,2.76,2.324624,368845635
2021/12/6,2.76,2.78,2.75,2.76,2.324624,308930760
2021/12/7,2.77,2.78,2.74,2.76,2.324624,241328104
2021/12/8,2.75,2.76,2.73,2.75,2.316201,245159398
2021/12/9,2.76,2.78,2.74,2.76,2.324624,166452877
2021/12/10,2.74,2.77,2.74,2.76,2.324624,141362117
2021/12/13,2.77,2.77,2.74,2.75,2.316201,143242100
2021/12/14,2.74,2.76,2.73,2.73,2.299356,159078601
2021/12/15,2.74,2.75,2.73,2.74,2.307779,133682495
2021/12/16,2.74,2.75,2.72,2.73,2.299356,117109545
2021/12/17,2.74,2.75,2.73,2.74,2.307779,215862843
2021/12/20,2.73,2.76,2.73,2.75,2.316201,190104140
2021/12/21,2.75,2.76,2.74,2.74,2.307779,120504365
2021/12/22,2.74,2.75,2.73,2.75,2.316201,81715494
2021/12/23,2.75,2.76,2.74,2.75,2.316201,95494608
2021/12/24,2.76,2.76,2.76,2.76,2.324624,0
2021/12/28,2.77,2.8,2.76,2.8,2.358314,171252990
2021/12/29,2.8,2.82,2.79,2.81,2.366737,162371955
2021/12/30,2.82,2.83,2.81,2.83,2.383582,161896481
2021/12/31,2.82,2.84,2.81,2.81,2.366737,85346264
2022/1/3,2.83,2.84,2.82,2.83,2.383582,106906311
2022/1/4,2.84,2.88,2.83,2.88,2.425695,303486674
2022/1/5,2.87,2.93,2.87,2.92,2.459385,389293479
2022/1/6,2.93,2.93,2.89,2.9,2.44254,249854012
2022/1/7,2.91,2.98,2.9,2.97,2.501498,465992708
2022/1/10,2.97,3.01,2.95,2.99,2.518342,441935679
2022/1/11,2.97,3,2.96,2.99,2.518342,284355235
2022/1/12,2.99,3,2.96,2.99,2.518342,260389714
2022/1/13,2.99,3.02,2.98,3.02,2.54361,263037777
2022/1/14,3.01,3.05,3,3.01,2.535188,232236472
2022/1/17,3.02,3.02,2.97,2.97,2.501498,212324610
2022/1/18,2.98,2.99,2.96,2.97,2.501498,187285081
2022/1/19,2.98,3,2.97,3,2.526765,234696577
2022/1/20,3,3.01,2.98,3,2.526765,227484958
2022/1/21,2.99,3.01,2.98,3.01,2.535188,268210721
2022/1/24,3,3.05,2.99,3.03,2.552033,256425047
2022/1/25,3.01,3.04,3,3.03,2.552033,275064755
2022/1/26,3.03,3.04,3,3.01,2.535188,240479799
2022/1/27,3,3.02,2.99,3.02,2.54361,194466118
2022/1/28,3.03,3.04,3.01,3.03,2.552033,245991689
2022/1/31,3.03,3.03,3.03,3.03,2.552033,0
2022/2/4,3.04,3.06,3.02,3.06,2.577301,295115869
2022/2/7,3.06,3.13,3.05,3.11,2.619413,382255865
2022/2/8,3.11,3.17,3.11,3.14,2.644681,348978357
2022/2/9,3.15,3.17,3.12,3.15,2.653103,460753344
2022/2/10,3.16,3.18,3.13,3.18,2.678371,319867329
2022/2/11,3.18,3.2,3.15,3.2,2.695216,418974856
2022/2/14,3.2,3.2,3.16,3.18,2.678371,256460955
2022/2/15,3.17,3.19,3.06,3.09,2.602568,585575752
2022/2/16,3.11,3.15,3.09,3.15,2.653103,322426118
2022/2/17,3.14,3.16,3.11,3.13,2.636258,273522929
2022/2/18,3.12,3.16,3.11,3.15,2.653103,202504701
2022/2/21,3.15,3.17,3.11,3.16,2.661526,216353660
2022/2/22,3.14,3.14,3.1,3.13,2.636258,262366104
2022/2/23,3.13,3.13,3.1,3.12,2.627836,139105336
2022/2/24,3.1,3.12,3.01,3.05,2.568878,456391522
2022/2/25,3.01,3.05,3.01,3.02,2.54361,273141197
2022/2/28,3.03,3.06,2.97,3.04,2.560455,456280219
2022/3/1,3.02,3.05,2.99,3.02,2.54361,281043238
2022/3/2,3,3.02,2.98,2.98,2.50992,244556789
2022/3/3,3,3.04,2.99,3,2.526765,264861004
2022/3/4,2.98,3.01,2.97,3.01,2.535188,226751075
2022/3/7,2.97,2.98,2.92,2.94,2.47623,385294624
2022/3/8,2.94,2.96,2.89,2.91,2.450962,391075753
2022/3/9,2.9,2.94,2.85,2.89,2.434117,449404952
2022/3/10,2.93,2.97,2.9,2.96,2.493075,349380718
2022/3/11,2.95,2.99,2.93,2.96,2.493075,359769490
2022/3/14,2.96,2.99,2.91,2.95,2.484653,580285422
2022/3/15,2.91,2.92,2.8,2.86,2.408849,831143335
2022/3/16,2.89,2.89,2.81,2.87,2.417272,584034464
2022/3/17,2.92,2.98,2.89,2.98,2.50992,507851140
2022/3/18,2.97,3.01,2.95,2.97,2.501498,601308421
2022/3/21,3.02,3.02,2.95,2.96,2.493075,288826257
2022/3/22,2.98,3.01,2.97,2.99,2.518342,254656273
2022/3/23,2.99,3.01,2.98,3,2.526765,182926884
2022/3/24,2.98,3.01,2.97,3.01,2.535188,182543510
2022/3/25,3,3.06,2.99,3.03,2.552033,257130203
2022/3/28,3.03,3.05,3.01,3.03,2.552033,237189977
2022/3/29,3.04,3.05,3.02,3.05,2.568878,212227770
2022/3/30,3.09,3.15,3.08,3.12,2.627836,450890881
2022/3/31,3.12,3.17,3.11,3.15,2.653103,412175568
2022/4/1,3.15,3.16,3.12,3.15,2.653103,225184946
2022/4/4,3.15,3.17,3.13,3.15,2.653103,230343178
2022/4/6,3.15,3.16,3.12,3.13,2.636258,386335091
2022/4/7,3.13,3.15,3.11,3.14,2.644681,237078727
2022/4/8,3.14,3.15,3.12,3.14,2.644681,209910921
2022/4/11,3.14,3.14,3.12,3.14,2.644681,232439672
2022/4/12,3.15,3.15,3.12,3.12,2.627836,219548765
2022/4/13,3.12,3.13,3.1,3.13,2.636258,187111332
2022/4/14,3.13,3.13,3.1,3.12,2.627836,220981481
2022/4/19,3.11,3.14,3.08,3.12,2.627836,353736698
2022/4/20,3.12,3.14,3.11,3.14,2.644681,193328109
2022/4/21,3.13,3.15,3.12,3.13,2.636258,236352089
2022/4/22,3.11,3.16,3.11,3.14,2.644681,479300872
2022/4/25,3.12,3.13,3.08,3.09,2.602568,382961775
2022/4/26,3.09,3.1,3.04,3.06,2.577301,419007829
2022/4/27,3.03,3.07,3.02,3.04,2.560455,271182106
2022/4/28,3.05,3.12,3.04,3.12,2.627836,283493983
2022/4/29,3.1,3.14,3.06,3.1,2.610991,365522356
2022/5/3,3.06,3.1,3.05,3.1,2.610991,182906067
2022/5/4,3.1,3.12,3.08,3.1,2.610991,152928453
2022/5/5,3.11,3.12,3.06,3.08,2.594146,192343484
2022/5/6,3.06,3.08,3.03,3.04,2.560455,192659775
2022/5/10,3.01,3.04,2.99,3.02,2.54361,341525127
2022/5/11,3.04,3.04,3,3.03,2.552033,158882125
2022/5/12,3.03,3.04,2.97,2.98,2.50992,328902319
2022/5/13,2.98,3.01,2.98,3.01,2.535188,252333078
2022/5/16,3.02,3.02,2.98,2.99,2.518342,178933494
2022/5/17,3.01,3.03,2.99,3.01,2.535188,181950422
2022/5/18,3,3.03,2.99,3.01,2.535188,197261156
2022/5/19,3,3.03,2.98,3.02,2.54361,305951398
2022/5/20,3.04,3.08,3.03,3.06,2.577301,248477454
2022/5/23,3.06,3.12,3.05,3.07,2.585723,166225925
2022/5/24,3.07,3.08,3.05,3.06,2.577301,139314832
2022/5/25,3.07,3.1,3.06,3.07,2.585723,183834253
2022/5/26,3.08,3.1,3.06,3.08,2.594146,173026219
2022/5/27,3.1,3.12,3.08,3.11,2.619413,228558682
2022/5/30,3.11,3.14,3.09,3.1,2.610991,264894404
2022/5/31,3.11,3.15,3.09,3.15,2.653103,459228242
2022/6/1,3.15,3.15,3.11,3.12,2.627836,236755572
2022/6/2,3.1,3.12,3.09,3.11,2.619413,154550979
2022/6/6,3.1,3.13,3.06,3.12,2.627836,260210670
2022/6/7,3.1,3.12,3.08,3.1,2.610991,156719843
2022/6/8,3.12,3.12,3.08,3.09,2.602568,204454918
2022/6/9,3.07,3.1,3.07,3.08,2.594146,146220686
2022/6/10,3.08,3.09,3.07,3.07,2.585723,205511274
2022/6/13,3.05,3.06,3.04,3.05,2.568878,251672640
2022/6/14,3.04,3.08,3.03,3.06,2.577301,148322050
2022/6/15,3.06,3.09,3.05,3.07,2.585723,148614531
2022/6/16,3.07,3.08,3.04,3.04,2.560455,216608913
2022/6/17,3.03,3.07,3.03,3.05,2.568878,288613123
2022/6/20,3.03,3.06,3.03,3.06,2.577301,142010664
2022/6/21,3.06,3.12,3.06,3.11,2.619413,186837223
2022/6/22,3.1,3.12,3.06,3.07,2.585723,206938443
2022/6/23,3.08,3.11,3.07,3.09,2.602568,149000313
2022/6/24,3.08,3.1,3.07,3.09,2.602568,142742868
2022/6/27,3.1,3.12,3.08,3.11,2.619413,192953215
2022/6/28,3.12,3.15,3.11,3.15,2.653103,247371533
2022/6/29,3.13,3.15,3.13,3.13,2.636258,330264254
2022/6/30,3.12,3.15,3.12,3.13,2.636258,325471714
2022/7/4,3.13,3.15,3.11,3.15,2.653103,349891887
2022/7/5,3.15,3.17,3.14,3.15,2.653103,400358856
2022/7/6,3.14,3.15,3.09,3.11,2.619413,581879678
2022/7/7,2.86,2.88,2.83,2.88,2.645975,275014686
2022/7/8,2.89,2.9,2.86,2.87,2.636787,163419369
2022/7/11,2.86,2.87,2.83,2.84,2.609225,173468156
2022/7/12,2.84,2.87,2.83,2.83,2.600038,222607375
2022/7/13,2.82,2.83,2.77,2.78,2.554101,355255318
2022/7/14,2.78,2.79,2.72,2.73,2.508164,357402650
2022/7/15,2.72,2.74,2.68,2.69,2.471414,481754599
2022/7/18,2.7,2.77,2.7,2.77,2.544913,212825076
2022/7/19,2.75,2.76,2.73,2.75,2.526539,135001841
2022/7/20,2.76,2.78,2.75,2.77,2.544913,169230497
2022/7/21,2.78,2.78,2.75,2.76,2.535726,186100154
2022/7/22,2.77,2.78,2.75,2.76,2.535726,155287053
2022/7/25,2.75,2.78,2.75,2.78,2.554101,125931662
2022/7/26,2.78,2.79,2.77,2.78,2.554101,216810094
2022/7/27,2.78,2.8,2.78,2.8,2.572476,193771598
2022/7/28,2.79,2.81,2.78,2.8,2.572476,141950903
2022/7/29,2.8,2.82,2.77,2.79,2.563288,219473348
2022/8/1,2.8,2.8,2.75,2.8,2.572476,193849609
2022/8/2,2.77,2.78,2.72,2.74,2.517351,305254423
2022/8/3,2.74,2.74,2.7,2.73,2.508164,185031586
2022/8/4,2.73,2.77,2.73,2.75,2.526539,149666448
2022/8/5,2.76,2.78,2.75,2.76,2.535726,82464234
2022/8/8,2.77,2.79,2.76,2.77,2.544913,126225637
2022/8/9,2.77,2.8,2.75,2.77,2.544913,133703207
2022/8/10,2.76,2.78,2.74,2.75,2.526539,163630962
2022/8/11,2.75,2.78,2.74,2.78,2.554101,201114818
2022/8/12,2.79,2.79,2.77,2.79,2.563288,147891312
2022/8/15,2.78,2.8,2.77,2.78,2.554101,93812909
2022/8/16,2.79,2.79,2.75,2.76,2.535726,124424592
2022/8/17,2.78,2.79,2.76,2.77,2.544913,115109343
2022/8/18,2.77,2.78,2.74,2.75,2.526539,139841455
2022/8/19,2.73,2.76,2.73,2.75,2.526539,118002522
2022/8/22,2.73,2.75,2.73,2.74,2.517351,124178159
2022/8/23,2.73,2.75,2.71,2.71,2.489789,177066045
2022/8/24,2.71,2.72,2.69,2.69,2.471414,241393598
2022/8/25,2.7,2.75,2.69,2.74,2.517351,99729790
2022/8/26,2.74,2.76,2.73,2.74,2.517351,130364429
2022/8/29,2.73,2.75,2.72,2.74,2.517351,125044922
2022/8/30,2.74,2.75,2.71,2.74,2.517351,147533846
2022/8/31,2.74,2.76,2.71,2.76,2.535726,314863624
2022/9/1,2.73,2.76,2.72,2.75,2.526539,164682026
2022/9/2,2.75,2.75,2.72,2.73,2.508164,166371407
2022/9/5,2.72,2.73,2.7,2.72,2.498976,249953442
2022/9/6,2.72,2.74,2.69,2.7,2.480602,217320741
2022/9/7,2.69,2.72,2.69,2.71,2.489789,205789777
2022/9/8,2.7,2.71,2.69,2.7,2.480602,123187888
2022/9/9,2.7,2.74,2.69,2.73,2.508164,147224662
2022/9/13,2.73,2.75,2.71,2.72,2.498976,138718166
2022/9/14,2.7,2.72,2.69,2.69,2.471414,140970566
2022/9/15,2.69,2.7,2.68,2.68,2.462227,247818632
2022/9/16,2.68,2.69,2.67,2.68,2.462227,304764099
2022/9/19,2.68,2.7,2.67,2.68,2.462227,140036791
2022/9/20,2.68,2.7,2.68,2.69,2.471414,98770091
2022/9/21,2.69,2.7,2.68,2.68,2.462227,130082977
2022/9/22,2.67,2.68,2.66,2.67,2.453039,142686715
2022/9/23,2.67,2.69,2.66,2.68,2.462227,105819396
2022/9/26,2.68,2.68,2.65,2.65,2.434664,226240851
2022/9/27,2.66,2.67,2.62,2.62,2.407102,205606570
2022/9/28,2.62,2.62,2.55,2.55,2.34279,418801380
2022/9/29,2.55,2.6,2.52,2.54,2.333603,238025719
2022/9/30,2.55,2.59,2.53,2.57,2.361165,220718380
2022/10/3,2.56,2.59,2.52,2.55,2.34279,108098460
2022/10/5,2.58,2.66,2.57,2.64,2.425477,247493824
2022/10/6,2.65,2.67,2.63,2.63,2.41629,106084251
2022/10/7,2.63,2.65,2.61,2.62,2.407102,90956225
2022/10/10,2.6,2.62,2.58,2.6,2.388727,120707315
2022/10/11,2.61,2.62,2.56,2.57,2.361165,151039396
2022/10/12,2.57,2.59,2.56,2.57,2.361165,201498949
2022/10/13,2.58,2.59,2.55,2.55,2.34279,132954567
2022/10/14,2.58,2.61,2.55,2.56,2.351978,170921690
2022/10/17,2.57,2.61,2.56,2.6,2.388727,168001125
2022/10/18,2.62,2.63,2.58,2.61,2.397915,183460890
2022/10/19,2.61,2.63,2.6,2.6,2.388727,122517162
2022/10/20,2.59,2.64,2.58,2.63,2.41629,241048802
2022/10/21,2.64,2.67,2.62,2.65,2.434664,224324881
2022/10/24,2.65,2.67,2.58,2.61,2.397915,341025177
2022/10/25,2.61,2.63,2.59,2.63,2.41629,332087021
2022/10/26,2.63,2.64,2.59,2.6,2.388727,187390146
2022/10/27,2.62,2.63,2.58,2.6,2.388727,212577900
2022/10/28,2.61,2.62,2.58,2.6,2.388727,196605072
2022/10/31,2.61,2.62,2.53,2.53,2.324415,301629466
2022/11/1,2.55,2.56,2.51,2.55,2.34279,293764629
2022/11/2,2.54,2.57,2.51,2.55,2.34279,177808744
2022/11/3,2.52,2.56,2.51,2.52,2.315228,173620357
2022/11/4,2.52,2.6,2.51,2.58,2.370353,286736115
2022/11/7,2.57,2.64,2.57,2.62,2.407102,250003832
2022/11/8,2.62,2.65,2.61,2.63,2.41629,137556949
2022/11/9,2.64,2.67,2.63,2.64,2.425477,200638853
2022/11/10,2.64,2.64,2.58,2.61,2.397915,145100597
2022/11/11,2.66,2.68,2.63,2.67,2.453039,381371176
2022/11/14,2.7,2.7,2.63,2.65,2.434664,354932990
2022/11/15,2.66,2.71,2.65,2.69,2.471414,291790723
2022/11/16,2.68,2.7,2.66,2.66,2.443852,186766362
2022/11/17,2.66,2.68,2.64,2.66,2.443852,179443572
2022/11/18,2.65,2.66,2.62,2.62,2.407102,154145900
2022/11/21,2.62,2.66,2.61,2.63,2.41629,235091636
2022/11/22,2.65,2.68,2.63,2.68,2.462227,252390695
2022/11/23,2.68,2.7,2.66,2.68,2.462227,182421747
2022/11/24,2.69,2.71,2.68,2.7,2.480602,149761562
2022/11/25,2.72,2.76,2.69,2.74,2.517351,254632913
2022/11/28,2.73,2.73,2.65,2.69,2.471414,161785261
2022/11/29,2.7,2.76,2.69,2.76,2.535726,346581294
2022/11/30,2.74,2.77,2.71,2.77,2.544913,432080694
2022/12/1,2.78,2.78,2.73,2.73,2.508164,217546736
2022/12/2,2.74,2.74,2.7,2.7,2.480602,230276247
2022/12/5,2.73,2.74,2.71,2.71,2.489789,326974686
2022/12/6,2.71,2.73,2.7,2.71,2.489789,220701897
2022/12/7,2.71,2.73,2.67,2.67,2.453039,398444399
2022/12/8,2.69,2.71,2.69,2.71,2.489789,166611951
2022/12/9,2.71,2.75,2.71,2.75,2.526539,217686647
2022/12/12,2.75,2.75,2.71,2.73,2.508164,197998512
2022/12/13,2.73,2.75,2.72,2.73,2.508164,198361151
2022/12/14,2.75,2.77,2.73,2.75,2.526539,180466517
2022/12/15,2.75,2.76,2.73,2.76,2.535726,123892446
2022/12/16,2.76,2.79,2.75,2.76,2.535726,291484353
2022/12/19,2.76,2.77,2.74,2.76,2.535726,177450617
2022/12/20,2.76,2.76,2.73,2.75,2.526539,180566751
2022/12/21,2.75,2.77,2.74,2.76,2.535726,115535826
2022/12/22,2.78,2.8,2.77,2.8,2.572476,196411837
2022/12/23,2.8,2.8,2.77,2.78,2.554101,104303170
2022/12/28,2.8,2.87,2.79,2.84,2.609225,345503668
2022/12/29,2.84,2.85,2.81,2.84,2.609225,229732726
2022/12/30,2.86,2.87,2.84,2.84,2.609225,178067459
2023/1/3,2.83,2.88,2.79,2.86,2.6276,190823528
2023/1/4,2.88,2.91,2.87,2.91,2.673537,228572448
2023/1/5,2.92,2.93,2.88,2.88,2.645975,255214611
2023/1/6,2.9,2.91,2.87,2.9,2.66435,245642286
2023/1/9,2.91,2.93,2.89,2.91,2.673537,210901123
2023/1/10,2.91,2.92,2.89,2.9,2.66435,169340104
2023/1/11,2.91,2.94,2.9,2.92,2.682725,251759513
2023/1/12,2.94,2.95,2.92,2.94,2.701099,198273613
2023/1/13,2.95,2.97,2.93,2.96,2.719474,170564472
2023/1/16,2.97,2.98,2.95,2.98,2.737849,139812936
2023/1/17,2.98,2.98,2.95,2.97,2.728662,176550661
2023/1/18,2.97,2.98,2.95,2.96,2.719474,178542026
2023/1/19,2.96,2.96,2.93,2.96,2.719474,185924992
2023/1/20,2.96,3,2.95,2.99,2.747036,174579806
2023/1/26,3,3.03,3,3.03,2.783786,183604593
2023/1/27,3.03,3.06,3.02,3.06,2.811348,222572281
2023/1/30,3.06,3.06,3,3.01,2.765411,334355795
2023/1/31,3.02,3.03,2.98,2.99,2.747036,298519480
2023/2/1,2.99,3.01,2.98,3,2.756224,169444911
2023/2/2,3.02,3.02,2.98,2.99,2.747036,135551645
2023/2/3,3,3,2.95,2.98,2.737849,220621955
2023/2/6,2.97,2.97,2.93,2.94,2.701099,240244599
2023/2/7,2.95,2.98,2.94,2.96,2.719474,171599472
2023/2/8,2.95,2.99,2.95,2.97,2.728662,101790984
2023/2/9,2.96,2.99,2.95,2.98,2.737849,163391718
2023/2/10,2.97,2.99,2.95,2.95,2.710287,122058391
2023/2/13,2.95,2.96,2.93,2.94,2.701099,155518503
2023/2/14,2.96,2.96,2.94,2.94,2.701099,104647894
2023/2/15,2.95,2.96,2.91,2.93,2.691912,239423279
2023/2/16,2.93,2.94,2.92,2.93,2.691912,152423999
2023/2/17,2.92,2.94,2.92,2.93,2.691912,116724325
2023/2/20,2.93,2.96,2.92,2.95,2.710287,139479932
2023/2/21,2.94,2.96,2.94,2.95,2.710287,92086005
2023/2/22,2.95,2.96,2.93,2.93,2.691912,103240749
2023/2/23,2.93,2.95,2.93,2.93,2.691912,106157006
2023/2/24,2.92,2.93,2.91,2.91,2.673537,156275061
2023/2/27,2.91,2.92,2.9,2.9,2.66435,176386277
2023/2/28,2.91,2.93,2.88,2.88,2.645975,242266079
2023/3/1,2.88,2.96,2.88,2.94,2.701099,230175356
2023/3/2,2.95,2.97,2.92,2.97,2.728662,156721409
2023/3/3,2.98,2.99,2.96,2.99,2.747036,156464183
2023/3/6,2.97,3.01,2.96,3,2.756224,236911516
2023/3/7,3.01,3.07,2.99,3.01,2.765411,331207423
2023/3/8,2.99,2.99,2.96,2.98,2.737849,169488603
2023/3/9,2.98,3.01,2.95,2.96,2.719474,226434889
2023/3/10,2.95,2.96,2.91,2.92,2.682725,324419293
2023/3/13,2.91,2.97,2.91,2.96,2.719474,283001042
2023/3/14,2.94,2.97,2.9,2.92,2.682725,276165334
2023/3/15,2.94,3,2.94,2.98,2.737849,306019717
2023/3/16,2.97,3.02,2.97,3,2.756224,337246665
2023/3/17,3.01,3.04,3,3.01,2.765411,474192271
2023/3/20,3.01,3.04,2.98,3.01,2.765411,302517593
2023/3/21,3.02,3.03,2.97,2.99,2.747036,190990791
2023/3/22,2.98,3.05,2.98,3.02,2.774599,327361985
2023/3/23,3.02,3.05,3.01,3.04,2.792974,179540267
2023/3/24,3.03,3.04,3,3.01,2.765411,185863751
2023/3/27,3,3.01,2.98,2.98,2.737849,165526114
2023/3/28,3,3.03,2.98,3.01,2.765411,114694384
2023/3/29,3.03,3.05,3.01,3.04,2.792974,294188064
2023/3/30,3.03,3.05,2.99,3.02,2.774599,205570289
2023/3/31,3.04,3.06,3.01,3.01,2.765411,369847410
2023/4/3,3.01,3.04,3,3.01,2.765411,184514772
2023/4/4,3.03,3.04,3.01,3.03,2.783786,205287968
2023/4/6,3.04,3.05,3.03,3.03,2.783786,148703289
2023/4/11,3.06,3.07,3.04,3.07,2.820536,228834937
2023/4/12,3.07,3.09,3.06,3.09,2.838911,195869097
2023/4/13,3.08,3.1,3.06,3.1,2.848098,196477650
2023/4/14,3.1,3.12,3.08,3.11,2.857285,165646703
2023/4/17,3.11,3.17,3.09,3.15,2.894035,318579375
2023/4/18,3.19,3.19,3.15,3.16,2.903223,226417979
2023/4/19,3.16,3.16,3.12,3.14,2.884848,188611472
2023/4/20,3.14,3.15,3.12,3.14,2.884848,156796304
2023/4/21,3.15,3.18,3.11,3.13,2.87566,216903043
2023/4/24,3.13,3.15,3.1,3.12,2.866473,168090850
2023/4/25,3.13,3.15,3.11,3.14,2.884848,189568006
2023/4/26,3.14,3.14,3.09,3.13,2.87566,164172101
2023/4/27,3.13,3.15,3.1,3.14,2.884848,226941096
2023/4/28,3.14,3.17,3.13,3.13,2.87566,254250074
2023/5/2,3.16,3.17,3.13,3.15,2.894035,208212711
2023/5/3,3.13,3.14,3.09,3.11,2.857285,142387753
2023/5/4,3.1,3.24,3.1,3.24,2.976722,597317083
2023/5/5,3.23,3.32,3.22,3.27,3.004284,651994723
2023/5/8,3.27,3.42,3.26,3.42,3.142095,996795816
2023/5/9,3.42,3.45,3.32,3.37,3.096158,746342767
2023/5/10,3.38,3.38,3.26,3.27,3.004284,412287784
2023/5/11,3.28,3.33,3.25,3.27,3.004284,366507410
2023/5/12,3.27,3.27,3.19,3.21,2.94916,289863825
2023/5/15,3.2,3.28,3.17,3.28,3.013471,385499418
2023/5/16,3.28,3.31,3.23,3.27,3.004284,198717103
2023/5/17,3.23,3.29,3.21,3.22,2.958347,282628223
2023/5/18,3.23,3.3,3.22,3.29,3.022659,266644759
2023/5/19,3.28,3.29,3.23,3.25,2.985909,177453684
2023/5/22,3.23,3.29,3.21,3.27,3.004284,189171807
2023/5/23,3.28,3.29,3.2,3.21,2.94916,249347200
2023/5/24,3.21,3.21,3.14,3.17,2.91241,321968120
2023/5/25,3.13,3.15,3.11,3.11,2.857285,278065767
2023/5/29,3.11,3.16,3.11,3.14,2.884848,207310653
2023/5/30,3.14,3.16,3.1,3.12,2.866473,270017518
2023/5/31,3.13,3.13,3.05,3.07,2.820536,509625678
2023/6/1,3.05,3.09,3.05,3.05,2.802161,249556460
2023/6/2,3.06,3.12,3.06,3.1,2.848098,362267865
2023/6/5,3.11,3.13,3.08,3.12,2.866473,212474160
2023/6/6,3.14,3.17,3.1,3.13,2.87566,250221201
2023/6/7,3.14,3.17,3.12,3.16,2.903223,304143061
2023/6/8,3.17,3.2,3.14,3.17,2.91241,271855636
2023/6/9,3.18,3.19,3.16,3.19,2.930785,249792693
2023/6/12,3.18,3.18,3.15,3.16,2.903223,153195292
2023/6/13,3.16,3.18,3.13,3.16,2.903223,206803734
2023/6/14,3.15,3.15,3.09,3.11,2.857285,257722285
2023/6/15,3.13,3.14,3.1,3.14,2.884848,180409202
2023/6/16,3.14,3.17,3.13,3.14,2.884848,273436111
2023/6/19,3.16,3.17,3.13,3.15,2.894035,152642792
2023/6/20,3.13,3.17,3.13,3.15,2.894035,142012501
2023/6/21,3.14,3.15,3.13,3.13,2.87566,100637132
2023/6/23,3.13,3.14,3.1,3.11,2.857285,158194880
2023/6/26,3.11,3.14,3.1,3.11,2.857285,246729485
2023/6/27,3.11,3.18,3.11,3.15,2.894035,249031295
2023/6/28,3.17,3.18,3.15,3.16,2.903223,227680692
2023/6/29,3.16,3.18,3.13,3.13,2.87566,160480988
2023/6/30,3.14,3.17,3.14,3.14,2.884848,172685962
2023/7/3,3.15,3.2,3.15,3.19,2.930785,347007606
2023/7/4,3.18,3.2,3.14,3.16,2.903223,365739100
2023/7/5,3.16,3.16,3.1,3.1,2.848098,478204451
2023/7/6,2.87,2.88,2.77,2.78,2.78,572683914
2023/7/7,2.76,2.78,2.75,2.76,2.76,277698895
2023/7/10,2.78,2.8,2.73,2.75,2.75,251196901
2023/7/11,2.75,2.77,2.73,2.74,2.74,205968561
2023/7/12,2.75,2.77,2.74,2.74,2.74,223511497
2023/7/13,2.76,2.78,2.75,2.76,2.76,287941953
2023/7/14,2.77,2.81,2.77,2.8,2.8,306605317
2023/7/18,2.82,2.82,2.76,2.76,2.76,285915642
2023/7/19,2.75,2.75,2.72,2.74,2.74,263406008
2023/7/20,2.75,2.79,2.74,2.75,2.75,193798876
2023/7/21,2.76,2.79,2.75,2.78,2.78,156948053
2023/7/24,2.77,2.78,2.72,2.73,2.73,243473214
2023/7/25,2.77,2.83,2.76,2.82,2.82,269653837
2023/7/26,2.82,2.84,2.78,2.79,2.79,145382061
2023/7/27,2.8,2.84,2.79,2.83,2.83,201437010
2023/7/28,2.8,2.88,2.8,2.86,2.86,214829894
2023/7/31,2.88,2.92,2.87,2.89,2.89,350355926
2023/8/1,2.92,2.93,2.85,2.87,2.87,301183220
2023/8/2,2.85,2.88,2.81,2.81,2.81,245006074
